Plateforme,Asset,Quote,Datetime,Bid,BidAmount,Ask,AskAmount,OpenInterest
Coinbase,eth_usd,364.15,1601306592.718097,364.14,0,364.15,0,355.67
Coinbase,eth_eur,312.8,1601306592.719402,312.8,0,312.82,0,305.97
Coinbase,btc_usd,10904.26,1601306592.719882,10904.26,0,10904.55,0,10757.04
Coinbase,btc_eur,9373.95,1601306592.720356,9370.53,0,9373.95,0,9249.04
Coinbase,eth_usd,364.15,1601306592.722374,364.14,0,364.15,0,355.67
Coinbase,eth_usd,364.15,1601306592.722849,364.14,0,364.2,0,355.67
Coinbase,btc_eur,9372.83,1601306592.723317,9371.43,0,9374.0,0,9249.04
Coinbase,btc_eur,9374,1601306592.723818,9371.43,0,9374.77,0,9249.04
Coinbase,btc_eur,9374.77,1601306592.724283,9371.43,0,9374.77,0,9249.04
Coinbase,btc_usd,10905.47,1601306592.724747,10905.46,0,10907.28,0,10757.04
Coinbase,btc_usd,10907.28,1601306592.725214,10905.46,0,10907.3,0,10757.04
Coinbase,btc_usd,10907.3,1601306592.725679,10905.46,0,10907.3,0,10757.04
Coinbase,eth_usd,364.14,1601306592.819164,364.04,0,364.15,0,355.67
Coinbase,eth_usd,364.04,1601306592.819865,364.04,0,364.15,0,355.67
Coinbase,btc_usd,10906.23,1601306594.046576,10905.5,0,10906.23,0,10757.04
Coinbase,btc_usd,10905.28,1601306594.750169,10905.28,0,10906.16,0,10757.04
Coinbase,btc_usd,10906.16,1601306594.999029,10905.28,0,10906.16,0,10757.04
Coinbase,btc_usd,10905.28,1601306597.541946,10905.28,0,10906.25,0,10757.04
Coinbase,btc_usd,10906.25,1601306597.658732,10905.28,0,10906.25,0,10757.04
Coinbase,btc_eur,9372.54,1601306598.848553,9371.75,0,9372.55,0,9249.04
Coinbase,btc_eur,9372.55,1601306598.849292,9371.75,0,9372.55,0,9249.04
Coinbase,eth_usd,364.11,1601306600.144331,364.07,0,364.11,0,355.67
Coinbase,eth_usd,364.11,1601306600.165719,364.07,0,364.11,0,355.67
Coinbase,btc_usd,10903.28,1601306601.277477,10903.28,0,10904.18,0,10757.04
Coinbase,btc_usd,10902.34,1601306602.423764,10902.34,0,10902.89,0,10757.04
Coinbase,btc_eur,9369.12,1601306605.793574,9369.12,0,9369.9,0,9249.04
Coinbase,eth_eur,312.83,1601306605.802492,312.77,0,312.83,0,305.97
Coinbase,eth_eur,312.77,1601306606.061922,312.77,0,312.83,0,305.97
Coinbase,eth_usd,363.98,1601306610.620818,363.97,0,363.98,0,355.67
Coinbase,btc_usd,10901.64,1601306610.813179,10901.64,0,10902.5,0,10757.04
Coinbase,btc_usd,10901.62,1601306611.167985,10901.62,0,10902.5,0,10757.04
Coinbase,btc_usd,10902.5,1601306611.697541,10901.58,0,10902.5,0,10757.04
Coinbase,btc_usd,10902.5,1601306611.803103,10901.58,0,10902.5,0,10757.04
Coinbase,btc_eur,9368.99,1601306612.077067,9366.66,0,9368.99,0,9249.04
Coinbase,btc_usd,10902.83,1601306613.634899,10901.67,0,10902.83,0,10757.04
Coinbase,eth_eur,312.98,1601306669.875303,312.98,0,313.14,0,305.97
Coinbase,eth_usd,364.4,1601306669.875981,364.4,0,364.41,0,355.67
Coinbase,btc_eur,9371.11,1601306669.876438,9371.11,0,9371.98,0,9249.04
Coinbase,btc_usd,10905.68,1601306669.876877,10904.32,0,10905.68,0,10757.04
Coinbase,btc_usd,10905.7,1601306670.565029,10904.89,0,10905.71,0,10757.04
Coinbase,btc_usd,10905.71,1601306670.565688,10904.89,0,10905.71,0,10757.04
Coinbase,eth_usd,364.38,1601306672.407536,364.38,0,364.39,0,355.67
Coinbase,eth_usd,364.38,1601306674.893583,364.38,0,364.39,0,355.67
Coinbase,btc_usd,10904.96,1601306676.528602,10904.96,0,10905.96,0,10757.04
Coinbase,eth_usd,364.38,1601306676.672364,364.38,0,364.39,0,355.67
Coinbase,btc_usd,10905.96,1601306676.998974,10904.98,0,10905.96,0,10757.04
Coinbase,eth_usd,364.39,1601306678.698498,364.38,0,364.39,0,355.67
Coinbase,eth_usd,364.39,1601306679.272502,364.38,0,364.39,0,355.67
Coinbase,eth_usd,364.39,1601306679.27847,364.38,0,364.39,0,355.67
Coinbase,btc_eur,9371.11,1601306679.862159,9371.11,0,9371.48,0,9249.04
Coinbase,eth_usd,364.49,1601306680.167337,364.49,0,364.5,0,355.67
Coinbase,btc_eur,9371.48,1601306680.673292,9371.11,0,9371.48,0,9249.04
Coinbase,btc_usd,10906.87,1601306681.14573,10906.01,0,10906.88,0,10757.04
Coinbase,btc_usd,10906.88,1601306681.14638,10906.01,0,10906.88,0,10757.04
Coinbase,btc_usd,10906.88,1601306681.497323,10906.23,0,10906.88,0,10757.04
Coinbase,btc_eur,9371.48,1601306681.543374,9371.11,0,9371.48,0,9249.04
Coinbase,btc_usd,10906.24,1601306682.480211,10906.24,0,10906.88,0,10757.04
Coinbase,btc_usd,10906.87,1601306685.049572,10906.24,0,10906.87,0,10757.04
Coinbase,btc_usd,10906.88,1601306685.532622,10906.24,0,10906.88,0,10757.04
Coinbase,eth_usd,364.49,1601306686.302451,364.49,0,364.5,0,355.67
Coinbase,btc_usd,10906.88,1601306686.456376,10906.24,0,10906.88,0,10757.04
Coinbase,btc_usd,10906.88,1601306686.575914,10906.24,0,10906.88,0,10757.04
Coinbase,btc_usd,10906.87,1601306687.3648,10906.24,0,10906.87,0,10757.04
Coinbase,eth_usd,364.5,1601306688.00909,364.49,0,364.5,0,355.67
Coinbase,eth_usd,364.5,1601306688.009641,364.49,0,364.5,0,355.67
Coinbase,eth_usd,364.5,1601306688.010481,364.49,0,364.5,0,355.67
Coinbase,eth_usd,364.5,1601306688.011525,364.49,0,364.5,0,355.67
Coinbase,btc_usd,10906.87,1601306689.710556,10906.24,0,10906.87,0,10757.04
Coinbase,btc_eur,9371.48,1601306689.760178,9371.11,0,9371.48,0,9249.04
Coinbase,eth_usd,364.56,1601306690.420683,364.55,0,364.58,0,355.67
Coinbase,eth_usd,364.58,1601306690.423269,364.55,0,364.59,0,355.67
Coinbase,eth_usd,364.59,1601306690.425684,364.55,0,364.6,0,355.67
Coinbase,eth_usd,364.6,1601306690.426156,364.55,0,364.61,0,355.67
Coinbase,eth_usd,364.61,1601306690.429965,364.55,0,364.62,0,355.67
Coinbase,eth_usd,364.62,1601306690.430442,364.55,0,364.63,0,355.67
Coinbase,eth_usd,364.63,1601306690.432446,364.55,0,364.64,0,355.67
Coinbase,eth_usd,364.64,1601306690.432952,364.55,0,364.65,0,355.67
Coinbase,eth_usd,364.65,1601306690.433412,364.55,0,364.66,0,355.67
Coinbase,eth_usd,364.66,1601306690.434493,364.55,0,364.66,0,355.67
Coinbase,btc_eur,9371.49,1601306696.392767,9371.48,0,9371.49,0,9249.04
Coinbase,eth_usd,364.73,1601306696.903022,364.72,0,364.73,0,355.67
Coinbase,eth_usd,364.73,1601306696.903708,364.72,0,364.73,0,355.67
Coinbase,btc_usd,10907.72,1601306697.11537,10907.71,0,10908.15,0,10757.04
Coinbase,btc_usd,10908.15,1601306697.116044,10907.71,0,10908.15,0,10757.04
Coinbase,btc_usd,10908.15,1601306697.941294,10908.14,0,10908.15,0,10757.04
Coinbase,btc_usd,10908.14,1601306699.009985,10908.14,0,10908.15,0,10757.04
Coinbase,eth_usd,364.73,1601306699.664516,364.72,0,364.73,0,355.67
Coinbase,btc_eur,9371.48,1601306700.578085,9371.48,0,9371.49,0,9249.04
Coinbase,btc_eur,9371.48,1601306700.814728,9371.48,0,9371.49,0,9249.04
Coinbase,btc_usd,10908.14,1601306701.15258,10908.14,0,10908.15,0,10757.04
Coinbase,btc_usd,10908.14,1601306701.280037,10908.14,0,10908.15,0,10757.04
Coinbase,btc_usd,10908.15,1601306701.541216,10908.14,0,10908.15,0,10757.04
Coinbase,btc_eur,9371.11,1601306701.832894,9371.11,0,9371.49,0,9249.04
Coinbase,eth_usd,364.72,1601306701.891753,364.72,0,364.73,0,355.67
Coinbase,eth_usd,364.72,1601306702.625925,364.72,0,364.73,0,355.67
Coinbase,eth_usd,364.72,1601306702.626615,364.64,0,364.73,0,355.67
Coinbase,btc_usd,10905.13,1601306702.693797,10905.12,0,10906.69,0,10757.04
Coinbase,btc_usd,10905.12,1601306702.695017,10905.12,0,10906.69,0,10757.04
Coinbase,eth_eur,313.31,1601306702.743431,313.15,0,313.33,0,305.97
Coinbase,eth_usd,364.67,1601306702.840282,364.67,0,364.7,0,355.67
Coinbase,btc_eur,9371.11,1601306702.939135,9368.64,0,9371.47,0,9249.04
Coinbase,btc_usd,10905.42,1601306703.027608,10905.05,0,10905.42,0,10757.04
Coinbase,eth_usd,364.71,1601306703.0778,364.71,0,364.72,0,355.67
Coinbase,eth_usd,364.7,1601306703.244226,364.7,0,364.73,0,355.67
Coinbase,eth_usd,364.73,1601306703.413194,364.7,0,364.73,0,355.67
Coinbase,btc_usd,10906.61,1601306703.432847,10905.47,0,10906.61,0,10757.04
Coinbase,btc_usd,10905.75,1601306704.911635,10905.74,0,10906.28,0,10757.04
Coinbase,btc_usd,10905.74,1601306704.922154,10905.74,0,10906.28,0,10757.04
Coinbase,btc_eur,9370.04,1601306705.415538,9368.87,0,9370.04,0,9249.04
Coinbase,btc_usd,10906.15,1601306705.471255,10906.15,0,10906.16,0,10757.04
Coinbase,btc_usd,10906.15,1601306706.804659,10906.15,0,10906.16,0,10757.04
Coinbase,btc_usd,10906.15,1601306706.872932,10906.15,0,10906.16,0,10757.04
Coinbase,eth_usd,364.83,1601306709.352974,364.82,0,364.83,0,355.67
Coinbase,btc_usd,10906.15,1601306710.693305,10905.83,0,10906.15,0,10757.04
Coinbase,eth_eur,313.33,1601306710.968017,313.31,0,313.33,0,305.97
Coinbase,btc_usd,10905.83,1601306711.165451,10905.12,0,10906.16,0,10757.04
Coinbase,btc_usd,10905.12,1601306711.16616,10905.12,0,10906.16,0,10757.04
Coinbase,btc_usd,10906.15,1601306714.591992,10905.04,0,10906.15,0,10757.04
Coinbase,eth_eur,313.32,1601306714.850971,313.32,0,313.33,0,305.97
Coinbase,btc_usd,10906.16,1601306715.394415,10905.01,0,10906.16,0,10757.04
Coinbase,eth_usd,364.83,1601306715.52672,364.82,0,364.83,0,355.67
Coinbase,eth_usd,364.83,1601306715.527442,364.82,0,364.83,0,355.67
Coinbase,eth_usd,364.83,1601306715.527912,364.82,0,364.85,0,355.67
Coinbase,eth_usd,364.85,1601306715.528386,364.82,0,364.92,0,355.67
Coinbase,eth_eur,313.33,1601306715.901682,313.32,0,313.33,0,305.97
Coinbase,eth_eur,313.33,1601306715.991129,313.32,0,313.35,0,305.97
Coinbase,eth_eur,313.35,1601306715.99183,313.32,0,313.35,0,305.97
Coinbase,btc_eur,9367.85,1601306715.992293,9367.85,0,9368.19,0,9249.04
Coinbase,eth_eur,313.34,1601306717.60744,313.34,0,313.35,0,305.97
Coinbase,eth_eur,313.35,1601306717.759872,313.34,0,313.42,0,305.97
Coinbase,eth_eur,313.42,1601306717.760868,313.34,0,313.49,0,305.97
Coinbase,btc_usd,10905.78,1601306718.469941,10905.78,0,10906.22,0,10757.04
Coinbase,btc_usd,10906.22,1601306719.778118,10905.33,0,10906.22,0,10757.04
Coinbase,eth_usd,364.94,1601306720.000024,364.93,0,364.94,0,355.67
Coinbase,eth_usd,364.93,1601306720.895213,364.93,0,364.94,0,355.67
Coinbase,btc_eur,9368.34,1601306721.057811,9367.26,0,9368.34,0,9249.04
Coinbase,btc_usd,10905.52,1601306721.40149,10905.52,0,10906.22,0,10757.04
Coinbase,btc_usd,10906.23,1601306721.854828,10905.89,0,10906.23,0,10757.04
Coinbase,btc_usd,10905.15,1601306722.616334,10905.15,0,10905.93,0,10757.04
Coinbase,btc_usd,10903.27,1601306723.285417,10903.27,0,10903.28,0,10757.04
Coinbase,eth_usd,364.94,1601306724.113801,364.93,0,364.94,0,355.67
Coinbase,btc_usd,10904.55,1601306725.60292,10904.55,0,10905.14,0,10757.04
Coinbase,btc_usd,10905.03,1601306725.869219,10903.33,0,10905.03,0,10757.04
Coinbase,eth_eur,313.4,1601306725.892384,313.4,0,313.49,0,305.97
Coinbase,btc_usd,10903.96,1601306726.489562,10903.96,0,10904.93,0,10757.04
Coinbase,btc_eur,9366.02,1601306726.499641,9366.02,0,9367.41,0,9249.04
Coinbase,btc_usd,10903.96,1601306726.731641,10903.96,0,10904.92,0,10757.04
Coinbase,btc_usd,10904.41,1601306727.943264,10904.19,0,10904.94,0,10757.04
Coinbase,btc_usd,10904.19,1601306727.944554,10904.19,0,10904.94,0,10757.04
Coinbase,btc_usd,10904.9,1601306728.447232,10904.24,0,10904.9,0,10757.04
Coinbase,eth_usd,364.93,1601306730.084006,364.93,0,364.94,0,355.67
Coinbase,btc_usd,10904.93,1601306730.943754,10904.22,0,10904.94,0,10757.04
Coinbase,btc_usd,10904.94,1601306730.944657,10904.22,0,10904.94,0,10757.04
Coinbase,eth_eur,313.38,1601306731.458783,313.38,0,313.49,0,305.97
Coinbase,btc_usd,10904.94,1601306731.665491,10904.41,0,10904.94,0,10757.04
Coinbase,eth_usd,364.94,1601306732.436495,364.93,0,364.94,0,355.67
Coinbase,btc_usd,10905.46,1601306732.92147,10905.46,0,10905.79,0,10757.04
Coinbase,btc_usd,10905.79,1601306732.9309,10905.46,0,10905.79,0,10757.04
Coinbase,btc_usd,10905.68,1601306733.697584,10905.05,0,10905.68,0,10757.04
Coinbase,btc_usd,10905.68,1601306733.731522,10904.6,0,10905.68,0,10757.04
Coinbase,eth_usd,364.94,1601306734.242149,364.93,0,364.94,0,355.67
Coinbase,btc_usd,10904.9,1601306734.480203,10904.9,0,10905.69,0,10757.04
Coinbase,btc_eur,9365.73,1601306735.962801,9365.73,0,9367.41,0,9249.04
Coinbase,eth_eur,313.4,1601306736.466035,313.4,0,313.49,0,305.97
Coinbase,btc_usd,10904.63,1601306736.707965,10903.63,0,10904.63,0,10757.04
Coinbase,btc_usd,10904.71,1601306738.757594,10903.97,0,10904.71,0,10757.04
Coinbase,btc_usd,10904.47,1601306741.457169,10904.46,0,10904.47,0,10757.04
Coinbase,eth_usd,364.93,1601306744.312323,364.92,0,364.93,0,355.67
Coinbase,btc_eur,9367.58,1601306745.989615,9365.84,0,9368.07,0,9249.04
Coinbase,btc_eur,9368.07,1601306745.990258,9365.84,0,9368.12,0,9249.04
Coinbase,btc_eur,9368.12,1601306745.991078,9365.84,0,9368.12,0,9249.04
Coinbase,eth_eur,313.4,1601306746.104272,313.4,0,313.49,0,305.97
Coinbase,eth_eur,313.4,1601306746.105377,313.4,0,313.49,0,305.97
Coinbase,btc_usd,10904.99,1601306746.219605,10904.46,0,10904.99,0,10757.04
Coinbase,eth_usd,364.93,1601306748.18487,364.92,0,364.93,0,355.67
Coinbase,btc_eur,9367.92,1601306748.313468,9366.28,0,9367.92,0,9249.04
Coinbase,btc_eur,9367.92,1601306748.547828,9366.29,0,9367.92,0,9249.04
Coinbase,btc_usd,10904.15,1601306749.049071,10903.73,0,10904.74,0,10757.04
Coinbase,btc_usd,10903.73,1601306749.050383,10903.73,0,10904.74,0,10757.04
Coinbase,btc_eur,9366.31,1601306749.610842,9366.31,0,9367.92,0,9249.04
Coinbase,btc_usd,10903.44,1601306750.379057,10903.44,0,10904.1,0,10757.04
Coinbase,eth_usd,364.93,1601306751.469598,364.92,0,364.93,0,355.67
Coinbase,eth_usd,364.93,1601306752.033552,364.92,0,364.93,0,355.67
Coinbase,btc_usd,10904.42,1601306753.010227,10903.64,0,10904.42,0,10757.04
Coinbase,btc_usd,10904.21,1601306754.071923,10903.53,0,10904.21,0,10757.04
Coinbase,btc_usd,10904.03,1601306756.014094,10903.27,0,10904.03,0,10757.04
Coinbase,btc_eur,9365.06,1601306756.660712,9365.05,0,9366.76,0,9249.04
Coinbase,btc_eur,9365.05,1601306756.661433,9365.05,0,9366.76,0,9249.04
Coinbase,eth_eur,313.49,1601306756.702698,313.41,0,313.49,0,305.97
Coinbase,btc_usd,10903.84,1601306757.688892,10903.13,0,10903.9,0,10757.04
Coinbase,btc_usd,10903.9,1601306757.695619,10903.13,0,10903.9,0,10757.04
Coinbase,btc_usd,10903.43,1601306757.958964,10903.43,0,10903.94,0,10757.04
Coinbase,btc_usd,10903.93,1601306759.709394,10903.43,0,10903.93,0,10757.04
Coinbase,btc_usd,10903.74,1601306759.946198,10903.12,0,10903.74,0,10757.04
Coinbase,eth_usd,364.92,1601306760.128826,364.92,0,364.93,0,355.67
Coinbase,eth_usd,364.92,1601306760.12941,364.91,0,364.93,0,355.67
Coinbase,eth_usd,364.91,1601306760.130477,364.91,0,364.93,0,355.67
Coinbase,btc_usd,10903.11,1601306760.220569,10902.37,0,10903.11,0,10757.04
Coinbase,eth_usd,364.91,1601306760.585561,364.91,0,364.92,0,355.67
Coinbase,eth_usd,364.91,1601306760.621038,364.91,0,364.92,0,355.67
Coinbase,btc_eur,9365.21,1601306763.132609,9365.0,0,9365.21,0,9249.04
Coinbase,btc_usd,10900.06,1601306764.11278,10900.06,0,10900.07,0,10757.04
Coinbase,btc_eur,9365.21,1601306764.750153,9365.0,0,9365.21,0,9249.04
Coinbase,eth_usd,364.91,1601306765.066451,364.88,0,364.92,0,355.67
Coinbase,eth_usd,364.88,1601306765.067126,364.88,0,364.92,0,355.67
Coinbase,eth_usd,364.88,1601306765.077947,364.77,0,364.92,0,355.67
Coinbase,eth_eur,313.39,1601306765.102684,313.39,0,313.4,0,305.97
Coinbase,eth_eur,313.39,1601306765.121504,313.39,0,313.4,0,305.97
Coinbase,eth_eur,313.39,1601306765.122924,313.39,0,313.4,0,305.97
Coinbase,btc_usd,10900.06,1601306765.251522,10900.06,0,10900.07,0,10757.04
Coinbase,btc_usd,10900.06,1601306765.65479,10900.06,0,10900.07,0,10757.04
Coinbase,btc_usd,10900.06,1601306767.474856,10900.06,0,10900.07,0,10757.04
Coinbase,btc_usd,10900.07,1601306767.485304,10900.06,0,10900.07,0,10757.04
Coinbase,btc_usd,10900.06,1601306767.516769,10900.06,0,10900.07,0,10757.04
Coinbase,btc_usd,10900.06,1601306767.735633,10900.06,0,10900.07,0,10757.04
Coinbase,btc_eur,9365,1601306768.08496,9365.0,0,9365.21,0,9249.04
Coinbase,eth_usd,364.64,1601306768.35032,364.63,0,364.64,0,355.67
Coinbase,btc_eur,9365.21,1601306768.852361,9365.0,0,9365.21,0,9249.04
Coinbase,btc_usd,10900.07,1601306769.047353,10900.06,0,10900.07,0,10757.04
Coinbase,btc_usd,10900.06,1601306771.591415,10900.06,0,10900.07,0,10757.04
Coinbase,btc_usd,10900.06,1601306773.086321,10900.06,0,10900.07,0,10757.04
Coinbase,btc_usd,10900.07,1601306773.389,10900.06,0,10900.07,0,10757.04
Coinbase,btc_usd,10900.07,1601306773.726942,10900.06,0,10900.07,0,10757.04
Coinbase,eth_usd,364.64,1601306774.055883,364.62,0,364.64,0,355.67
Coinbase,eth_usd,364.63,1601306774.5052,364.63,0,364.64,0,355.67
Coinbase,btc_eur,9364.08,1601306774.759243,9361.18,0,9364.34,0,9249.04
Coinbase,btc_eur,9364.34,1601306774.759904,9361.18,0,9364.34,0,9249.04
Coinbase,eth_eur,313.06,1601306776.334345,313.06,0,313.22,0,305.97
Coinbase,btc_usd,10900.07,1601306776.63263,10900.06,0,10900.07,0,10757.04
Coinbase,btc_usd,10900.06,1601306776.779789,10898.67,0,10900.07,0,10757.04
Coinbase,btc_usd,10897.43,1601306777.614629,10897.41,0,10897.94,0,10757.04
Coinbase,btc_usd,10897.41,1601306777.615262,10897.41,0,10897.94,0,10757.04
Coinbase,btc_usd,10897.41,1601306777.629231,10897.41,0,10897.94,0,10757.04
Coinbase,btc_usd,10897.41,1601306777.658514,10897.37,0,10897.44,0,10757.04
Coinbase,btc_usd,10897.37,1601306777.659015,10897.37,0,10897.44,0,10757.04
Coinbase,eth_usd,364.44,1601306777.919515,364.44,0,364.5,0,355.67
Coinbase,eth_eur,312.94,1601306778.541085,312.94,0,313.13,0,305.97
Coinbase,btc_eur,9363.86,1601306778.55682,9360.29,0,9363.86,0,9249.04
Coinbase,btc_usd,10896.75,1601306778.968883,10896.74,0,10896.75,0,10757.04
Coinbase,btc_eur,9363.24,1601306779.434314,9360.68,0,9363.24,0,9249.04
Coinbase,btc_eur,9363.24,1601306780.43808,9360.31,0,9363.24,0,9249.04
Coinbase,btc_usd,10896.75,1601306782.16985,10896.74,0,10896.75,0,10757.04
Coinbase,btc_usd,10896.74,1601306783.058193,10896.74,0,10896.75,0,10757.04
Coinbase,eth_eur,313.12,1601306783.590044,312.96,0,313.12,0,305.97
Coinbase,eth_eur,312.94,1601306785.52043,312.93,0,313.12,0,305.97
Coinbase,eth_eur,312.93,1601306785.521127,312.93,0,313.12,0,305.97
Coinbase,eth_eur,312.93,1601306785.521602,312.92,0,313.12,0,305.97
Coinbase,eth_eur,312.92,1601306785.525215,312.92,0,313.12,0,305.97
Coinbase,btc_usd,10896.75,1601306786.569736,10896.74,0,10896.75,0,10757.04
Coinbase,btc_usd,10896.75,1601306787.010806,10896.74,0,10896.75,0,10757.04
Coinbase,eth_usd,364.47,1601306788.052031,364.46,0,364.58,0,355.67
Coinbase,btc_usd,10896.75,1601306788.988522,10896.74,0,10896.75,0,10757.04
Coinbase,btc_usd,10896.74,1601306790.98565,10896.74,0,10896.75,0,10757.04
Coinbase,btc_usd,10896.75,1601306791.500323,10896.74,0,10896.75,0,10757.04
Coinbase,btc_usd,10897,1601306791.987176,10896.99,0,10897.0,0,10757.04
Coinbase,btc_usd,10896.99,1601306792.739006,10896.99,0,10897.0,0,10757.04
Coinbase,btc_usd,10896.99,1601306793.268027,10896.99,0,10897.0,0,10757.04
Coinbase,btc_usd,10896.99,1601306793.268726,10896.99,0,10897.0,0,10757.04
Coinbase,btc_usd,10896.99,1601306793.57761,10896.99,0,10897.0,0,10757.04
Coinbase,btc_usd,10896.99,1601306795.004551,10896.99,0,10897.0,0,10757.04
Coinbase,btc_usd,10897,1601306795.405077,10896.99,0,10897.0,0,10757.04
Coinbase,eth_usd,364.54,1601306796.641908,364.49,0,364.54,0,355.67
Coinbase,btc_usd,10897,1601306797.123221,10896.99,0,10897.0,0,10757.04
Coinbase,btc_usd,10897,1601306797.438879,10896.99,0,10897.0,0,10757.04
Coinbase,btc_usd,10897,1601306798.369376,10896.99,0,10897.0,0,10757.04
Coinbase,eth_usd,364.53,1601306798.517307,364.49,0,364.53,0,355.67
Coinbase,btc_usd,10896.99,1601306798.526615,10896.99,0,10897.0,0,10757.04
Coinbase,btc_eur,9362.13,1601306800.790776,9361.28,0,9362.13,0,9249.04
Coinbase,btc_usd,10897,1601306801.469758,10896.99,0,10897.0,0,10757.04
Coinbase,btc_eur,9360.43,1601306801.53725,9360.43,0,9362.57,0,9249.04
Coinbase,btc_eur,9360.43,1601306801.752593,9360.43,0,9362.57,0,9249.04
Coinbase,btc_usd,10897,1601306801.863528,10896.99,0,10897.0,0,10757.04
Coinbase,btc_eur,9362.57,1601306802.154521,9360.43,0,9362.57,0,9249.04
Coinbase,btc_usd,10897,1601306803.220156,10896.99,0,10897.0,0,10757.04
Coinbase,eth_eur,313.05,1601306803.884113,313.05,0,313.13,0,305.97
Coinbase,eth_usd,364.65,1601306804.443856,364.6,0,364.65,0,355.67
Coinbase,eth_usd,364.65,1601306804.721242,364.6,0,364.65,0,355.67
Coinbase,btc_usd,10897,1601306805.502779,10896.99,0,10897.0,0,10757.04
Coinbase,btc_usd,10897,1601306805.680189,10896.99,0,10897.0,0,10757.04
Coinbase,btc_usd,10897,1601306805.969424,10896.99,0,10897.0,0,10757.04
Coinbase,btc_usd,10897,1601306807.293586,10896.99,0,10897.0,0,10757.04
Coinbase,btc_usd,10897,1601306811.562727,10896.99,0,10897.0,0,10757.04
Coinbase,eth_usd,364.52,1601306812.171958,364.52,0,364.58,0,355.67
Coinbase,btc_usd,10897,1601306813.765034,10896.99,0,10897.0,0,10757.04
Coinbase,btc_usd,10897,1601306816.656618,10896.99,0,10897.0,0,10757.04
Coinbase,eth_eur,313.05,1601306816.813418,313.05,0,313.15,0,305.97
Coinbase,eth_eur,313.05,1601306816.814655,313.05,0,313.15,0,305.97
Coinbase,eth_eur,313.05,1601306816.816649,313.05,0,313.15,0,305.97
Coinbase,eth_eur,313.05,1601306817.103955,313.05,0,313.15,0,305.97
Coinbase,eth_usd,364.59,1601306817.576567,364.59,0,364.63,0,355.67
Coinbase,eth_usd,364.59,1601306818.391559,364.59,0,364.62,0,355.67
Coinbase,eth_usd,364.62,1601306818.607989,364.59,0,364.62,0,355.67
Coinbase,eth_usd,364.62,1601306818.949609,364.59,0,364.62,0,355.67
Coinbase,btc_usd,10897,1601306819.90588,10896.99,0,10897.0,0,10757.04
Coinbase,btc_usd,10897,1601306822.027872,10896.99,0,10897.0,0,10757.04
Coinbase,btc_usd,10896.36,1601306822.326537,10896.31,0,10896.36,0,10757.04
Coinbase,eth_usd,364.38,1601306822.461889,364.38,0,364.39,0,355.67
Coinbase,eth_usd,364.38,1601306822.478729,364.38,0,364.39,0,355.67
Coinbase,btc_usd,10896.07,1601306823.968143,10896.06,0,10896.07,0,10757.04
Coinbase,eth_usd,364.38,1601306824.20995,364.3,0,364.39,0,355.67
Coinbase,btc_usd,10895.13,1601306825.090569,10894.71,0,10895.13,0,10757.04
Coinbase,btc_usd,10895.13,1601306825.380712,10894.88,0,10895.98,0,10757.04
Coinbase,btc_usd,10895.98,1601306825.381402,10894.88,0,10896.07,0,10757.04
Coinbase,btc_usd,10896.07,1601306825.382517,10894.88,0,10896.07,0,10757.04
Coinbase,btc_usd,10895.87,1601306825.901462,10895.37,0,10895.87,0,10757.04
Coinbase,btc_usd,10895.22,1601306827.545988,10895.21,0,10895.22,0,10757.04
Coinbase,btc_usd,10895.22,1601306827.547272,10895.21,0,10895.22,0,10757.04
Coinbase,btc_usd,10894.13,1601306829.294769,10893.79,0,10894.13,0,10757.04
Coinbase,btc_eur,9360.59,1601306830.471817,9360.0,0,9360.59,0,9249.04
Coinbase,eth_usd,364.41,1601306832.278985,364.34,0,364.41,0,355.67
Coinbase,eth_usd,364.39,1601306833.165447,364.33,0,364.39,0,355.67
Coinbase,btc_usd,10894.37,1601306833.516954,10893.88,0,10894.37,0,10757.04
Coinbase,btc_eur,9360.52,1601306833.86879,9360.0,0,9360.52,0,9249.04
Coinbase,btc_usd,10893.88,1601306833.930036,10893.65,0,10894.41,0,10757.04
Coinbase,btc_usd,10893.65,1601306833.931337,10893.65,0,10894.41,0,10757.04
Coinbase,eth_eur,312.84,1601306835.380769,312.84,0,313.0,0,305.97
Coinbase,btc_usd,10893.93,1601306835.571619,10893.44,0,10893.93,0,10757.04
Coinbase,btc_usd,10893.44,1601306837.118349,10892.03,0,10894.05,0,10757.04
Coinbase,btc_usd,10892.03,1601306837.119341,10891.98,0,10894.05,0,10757.04
Coinbase,btc_usd,10891.98,1601306837.120391,10891.87,0,10894.05,0,10757.04
Coinbase,btc_usd,10891.87,1601306837.123529,10891.64,0,10894.05,0,10757.04
Coinbase,btc_usd,10891.64,1601306837.124168,10891.61,0,10894.05,0,10757.04
Coinbase,btc_usd,10891.61,1601306837.127021,10891.61,0,10894.05,0,10757.04
Coinbase,btc_eur,9360,1601306837.474804,9360.0,0,9360.73,0,9249.04
Coinbase,btc_usd,10894.1,1601306838.611618,10893.19,0,10894.1,0,10757.04
Coinbase,btc_eur,9360.5,1601306839.969612,9360.0,0,9360.5,0,9249.04
Coinbase,btc_usd,10891.63,1601306841.399927,10891.06,0,10893.7,0,10757.04
Coinbase,btc_usd,10891.06,1601306841.405458,10890.86,0,10893.7,0,10757.04
Coinbase,btc_usd,10890.86,1601306841.405972,10890.86,0,10893.7,0,10757.04
Coinbase,eth_eur,312.85,1601306841.784579,312.85,0,312.98,0,305.97
Coinbase,btc_usd,10893.88,1601306842.559036,10893.6,0,10893.88,0,10757.04
Coinbase,eth_usd,364.3,1601306843.055244,364.29,0,364.3,0,355.67
Coinbase,btc_usd,10894.92,1601306843.454682,10893.6,0,10894.92,0,10757.04
Coinbase,btc_eur,9360,1601306843.765026,9360.0,0,9360.32,0,9249.04
Coinbase,eth_usd,364.36,1601306845.394308,364.35,0,364.36,0,355.67
Coinbase,btc_usd,10892.61,1601306846.082329,10892.61,0,10893.82,0,10757.04
Coinbase,btc_eur,9360,1601306846.647232,9360.0,0,9360.31,0,9249.04
Coinbase,btc_usd,10894.25,1601306848.101008,10893.85,0,10894.91,0,10757.04
Coinbase,btc_usd,10894.91,1601306848.101668,10893.85,0,10894.91,0,10757.04
Coinbase,btc_usd,10894.54,1601306848.270227,10893.42,0,10894.54,0,10757.04
Coinbase,eth_usd,364.37,1601306848.282039,364.32,0,364.37,0,355.67
Coinbase,eth_eur,312.87,1601306848.396104,312.87,0,312.94,0,305.97
Coinbase,eth_usd,364.36,1601306849.628799,364.32,0,364.36,0,355.67
Coinbase,btc_usd,10894.58,1601306850.069113,10893.79,0,10894.58,0,10757.04
Coinbase,btc_usd,10894.13,1601306850.395521,10893.82,0,10894.13,0,10757.04
Coinbase,btc_usd,10893.72,1601306851.230322,10893.72,0,10894.63,0,10757.04
Coinbase,eth_usd,364.34,1601306852.16384,364.29,0,364.35,0,355.67
Coinbase,eth_usd,364.35,1601306852.16453,364.29,0,364.36,0,355.67
Coinbase,eth_usd,364.36,1601306852.164996,364.29,0,364.37,0,355.67
Coinbase,eth_usd,364.37,1601306852.165458,364.29,0,364.37,0,355.67
Coinbase,btc_usd,10895.21,1601306852.245257,10894.22,0,10895.21,0,10757.04
Coinbase,btc_usd,10895.25,1601306852.896876,10894.27,0,10895.25,0,10757.04
Coinbase,btc_usd,10894.66,1601306853.243847,10894.66,0,10895.44,0,10757.04
Coinbase,eth_eur,312.94,1601306854.282599,312.88,0,312.94,0,305.97
Coinbase,btc_usd,10895.38,1601306855.408806,10894.62,0,10895.38,0,10757.04
Coinbase,btc_eur,9360.32,1601306856.561274,9360.0,0,9360.32,0,9249.04
Coinbase,btc_usd,10894.68,1601306856.895695,10894.68,0,10895.36,0,10757.04
Coinbase,btc_usd,10895.39,1601306857.255488,10894.73,0,10895.39,0,10757.04
Coinbase,btc_usd,10895.21,1601306858.101414,10895.2,0,10895.21,0,10757.04
Coinbase,btc_usd,10895.2,1601306859.175693,10894.73,0,10895.21,0,10757.04
Coinbase,btc_usd,10894.73,1601306859.180629,10893.94,0,10895.21,0,10757.04
Coinbase,btc_usd,10893.94,1601306859.181087,10893.94,0,10895.21,0,10757.04
Coinbase,btc_usd,10895.14,1601306859.784992,10894.24,0,10895.14,0,10757.04
Coinbase,btc_usd,10895.14,1601306859.965035,10894.31,0,10895.14,0,10757.04
Coinbase,btc_usd,10894.91,1601306861.456277,10894.0,0,10894.91,0,10757.04
Coinbase,eth_usd,364.34,1601306862.11731,364.3,0,364.34,0,355.67
Coinbase,eth_eur,312.94,1601306863.471372,312.86,0,312.94,0,305.97
Coinbase,btc_usd,10894.01,1601306865.414052,10894.0,0,10894.01,0,10757.04
Coinbase,btc_usd,10894.41,1601306865.95173,10894.0,0,10894.41,0,10757.04
Coinbase,btc_eur,9360,1601306868.79354,9358.04,0,9360.18,0,9249.04
Coinbase,btc_eur,9358.04,1601306868.794801,9358.04,0,9360.18,0,9249.04
Coinbase,btc_usd,10894.45,1601306870.87965,10894.0,0,10894.45,0,10757.04
Coinbase,btc_usd,10894,1601306871.516882,10892.42,0,10894.01,0,10757.04
Coinbase,btc_usd,10892.42,1601306871.517609,10892.42,0,10894.01,0,10757.04
Coinbase,btc_usd,10892.42,1601306871.520874,10892.42,0,10894.01,0,10757.04
Coinbase,eth_usd,364.34,1601306872.068951,364.29,0,364.34,0,355.67
Coinbase,btc_usd,10893.04,1601306872.168702,10893.04,0,10894.22,0,10757.04
Coinbase,btc_usd,10892.81,1601306873.220989,10892.23,0,10892.81,0,10757.04
Coinbase,eth_eur,312.94,1601306873.321878,312.86,0,312.94,0,305.97
Coinbase,btc_usd,10892.13,1601306873.823498,10892.13,0,10892.98,0,10757.04
Coinbase,eth_usd,364.3,1601306876.110097,364.29,0,364.3,0,355.67
Coinbase,btc_usd,10893.35,1601306877.9369,10892.53,0,10893.35,0,10757.04
Coinbase,btc_usd,10893.37,1601306878.656189,10892.68,0,10893.37,0,10757.04
Coinbase,btc_usd,10894,1601306879.140387,10894.0,0,10894.16,0,10757.04
Coinbase,btc_usd,10894,1601306879.638185,10893.99,0,10894.0,0,10757.04
Coinbase,btc_usd,10894,1601306881.147572,10893.45,0,10894.0,0,10757.04
Coinbase,eth_usd,364.35,1601306884.576181,364.34,0,364.35,0,355.67
Coinbase,eth_eur,312.86,1601306884.819637,312.86,0,312.92,0,305.97
Coinbase,btc_usd,10894.27,1601306885.72413,10893.23,0,10894.27,0,10757.04
Coinbase,eth_usd,364.33,1601306885.810709,364.33,0,364.35,0,355.67
Coinbase,btc_usd,10893.16,1601306886.97674,10893.16,0,10893.79,0,10757.04
Coinbase,eth_usd,364.32,1601306888.148435,364.3,0,364.35,0,355.67
Coinbase,btc_usd,10893.04,1601306890.002104,10893.04,0,10893.78,0,10757.04
Coinbase,eth_eur,312.92,1601306890.400519,312.87,0,312.92,0,305.97
Coinbase,btc_usd,10893.18,1601306893.887663,10893.18,0,10894.09,0,10757.04
Coinbase,btc_eur,9359.42,1601306894.103782,9358.0,0,9359.42,0,9249.04
Coinbase,btc_usd,10894.03,1601306894.158855,10893.18,0,10894.03,0,10757.04
Coinbase,btc_usd,10894.09,1601306894.272636,10893.18,0,10894.09,0,10757.04
Coinbase,btc_eur,9358,1601306894.655417,9358.0,0,9359.42,0,9249.04
Coinbase,btc_usd,10893.19,1601306894.928279,10893.19,0,10894.32,0,10757.04
Coinbase,eth_usd,364.35,1601306895.435229,364.34,0,364.35,0,355.67
Coinbase,btc_usd,10894.11,1601306895.728746,10894.1,0,10894.11,0,10757.04
Coinbase,eth_eur,312.87,1601306895.975881,312.87,0,312.92,0,305.97
Coinbase,btc_usd,10893.85,1601306897.757799,10893.25,0,10894.45,0,10757.04
Coinbase,btc_usd,10893.25,1601306897.759063,10893.12,0,10894.45,0,10757.04
Coinbase,btc_usd,10893.12,1601306897.762765,10893.12,0,10894.45,0,10757.04
Coinbase,btc_eur,9358.01,1601306897.771228,9358.01,0,9360.29,0,9249.04
Coinbase,eth_usd,364.35,1601306898.400598,364.32,0,364.35,0,355.67
Coinbase,eth_usd,364.35,1601306898.903294,364.34,0,364.35,0,355.67
Coinbase,btc_usd,10893.73,1601306901.231229,10893.73,0,10894.45,0,10757.04
Coinbase,btc_usd,10893.46,1601306901.407694,10893.46,0,10894.33,0,10757.04
Coinbase,eth_usd,364.91,1601307189.88993,364.91,0,364.98,0,355.67
Coinbase,eth_eur,313.2,1601307189.890783,313.2,0,313.45,0,305.97
Coinbase,btc_usd,10899.55,1601307189.891212,10899.54,0,10899.55,0,10757.04
Coinbase,btc_eur,9368.43,1601307189.891565,9367.12,0,9368.43,0,9249.04
Coinbase,btc_usd,10899.54,1601307191.847977,10899.54,0,10899.55,0,10757.04
Coinbase,eth_usd,364.91,1601307192.727542,364.9,0,364.99,0,355.67
Coinbase,eth_usd,364.9,1601307192.731801,364.89,0,364.99,0,355.67
Coinbase,eth_usd,364.89,1601307192.732342,364.87,0,364.99,0,355.67
Coinbase,eth_usd,364.87,1601307192.733028,364.87,0,364.99,0,355.67
Coinbase,btc_usd,10899.54,1601307193.485229,10899.54,0,10899.55,0,10757.04
Coinbase,eth_usd,364.86,1601307194.838328,364.79,0,364.86,0,355.67
Coinbase,btc_usd,10899.54,1601307195.405004,10899.54,0,10899.55,0,10757.04
Coinbase,eth_usd,364.92,1601307195.864393,364.83,0,364.92,0,355.67
Coinbase,eth_usd,364.92,1601307196.086726,364.84,0,364.92,0,355.67
Coinbase,btc_eur,9367.69,1601307196.511293,9367.69,0,9368.43,0,9249.04
Coinbase,btc_usd,10899.54,1601307197.1129,10899.54,0,10899.55,0,10757.04
Coinbase,btc_usd,10899.54,1601307198.818575,10899.54,0,10899.55,0,10757.04
Coinbase,btc_usd,10899.55,1601307201.443162,10899.54,0,10899.55,0,10757.04
Coinbase,btc_usd,10899.54,1601307201.650822,10899.54,0,10899.55,0,10757.04
Coinbase,btc_eur,9368.43,1601307201.666049,9367.23,0,9368.43,0,9249.04
Coinbase,btc_usd,10899.54,1601307202.140585,10899.54,0,10899.55,0,10757.04
Coinbase,btc_usd,10899.55,1601307202.936255,10899.54,0,10899.55,0,10757.04
Coinbase,btc_usd,10899.55,1601307204.000553,10899.54,0,10899.55,0,10757.04
Coinbase,btc_eur,9368.43,1601307204.601742,9368.32,0,9368.43,0,9249.04
Coinbase,btc_eur,9368.43,1601307204.645283,9368.32,0,9368.43,0,9249.04
Coinbase,btc_usd,10899.55,1601307205.301726,10899.54,0,10899.55,0,10757.04
Coinbase,btc_usd,10899.55,1601307205.524413,10899.54,0,10899.55,0,10757.04
Coinbase,eth_eur,313.57,1601307205.548127,313.52,0,313.57,0,305.97
Coinbase,eth_usd,365.07,1601307206.564103,365.04,0,365.07,0,355.67
Coinbase,eth_eur,313.55,1601307207.47814,313.55,0,313.6,0,305.97
Coinbase,eth_eur,313.55,1601307207.478563,313.55,0,313.6,0,305.97
Coinbase,btc_usd,10899.55,1601307207.991378,10899.54,0,10899.55,0,10757.04
Coinbase,btc_usd,10899.55,1601307208.185035,10899.54,0,10899.55,0,10757.04
Coinbase,btc_usd,10899.55,1601307208.881521,10899.54,0,10899.55,0,10757.04
Coinbase,btc_usd,10899.55,1601307209.2977,10899.54,0,10899.55,0,10757.04
Coinbase,eth_eur,313.6,1601307209.579234,313.54,0,313.6,0,305.97
Coinbase,btc_usd,10899.55,1601307211.193629,10899.54,0,10899.55,0,10757.04
Coinbase,btc_usd,10899.55,1601307213.590923,10899.54,0,10899.55,0,10757.04
Coinbase,btc_usd,10899.55,1601307213.689276,10899.54,0,10899.55,0,10757.04
Coinbase,btc_eur,9368.43,1601307215.683109,9367.77,0,9368.43,0,9249.04
Coinbase,btc_usd,10899.55,1601307215.897382,10899.54,0,10899.55,0,10757.04
Coinbase,btc_usd,10899.54,1601307219.465556,10899.54,0,10899.55,0,10757.04
Coinbase,eth_usd,364.83,1601307219.961012,364.79,0,364.83,0,355.67
Coinbase,btc_usd,10899.55,1601307221.480349,10899.54,0,10899.55,0,10757.04
Coinbase,eth_eur,313.4,1601307222.561752,313.32,0,313.52,0,305.97
Coinbase,btc_eur,9368.43,1601307223.067156,9366.11,0,9368.43,0,9249.04
Coinbase,eth_eur,313.38,1601307224.704394,313.23,0,313.38,0,305.97
Coinbase,btc_usd,10899.54,1601307225.053934,10899.54,0,10899.55,0,10757.04
Coinbase,btc_usd,10899.54,1601307225.545412,10899.54,0,10899.55,0,10757.04
Coinbase,eth_usd,364.68,1601307226.456728,364.56,0,364.69,0,355.67
Coinbase,btc_usd,10899.55,1601307228.195967,10899.54,0,10899.55,0,10757.04
Coinbase,btc_usd,10899.54,1601307229.284832,10899.54,0,10899.55,0,10757.04
Coinbase,btc_usd,10899.54,1601307229.285325,10899.54,0,10899.55,0,10757.04
Coinbase,btc_usd,10899.54,1601307229.28603,10899.54,0,10899.55,0,10757.04
Coinbase,btc_usd,10899.54,1601307229.286389,10899.54,0,10899.55,0,10757.04
Coinbase,btc_usd,10899.54,1601307229.930794,10899.54,0,10899.55,0,10757.04
Coinbase,eth_eur,313.38,1601307232.049742,313.14,0,313.38,0,305.97
Coinbase,btc_usd,10899.54,1601307232.271278,10899.54,0,10899.55,0,10757.04
Coinbase,eth_usd,364.65,1601307232.939914,364.6,0,364.66,0,355.67
Coinbase,eth_usd,364.6,1601307232.943009,364.6,0,364.66,0,355.67
Coinbase,btc_usd,10899.55,1601307233.701934,10899.54,0,10899.55,0,10757.04
Coinbase,btc_usd,10899.55,1601307235.905103,10899.54,0,10899.55,0,10757.04
Coinbase,btc_usd,10899.55,1601307237.921819,10899.54,0,10899.55,0,10757.04
Coinbase,btc_usd,10899.55,1601307238.369661,10899.54,0,10899.55,0,10757.04
Coinbase,btc_eur,9365.94,1601307239.287567,9365.94,0,9367.99,0,9249.04
Coinbase,eth_eur,313.24,1601307240.06231,313.09,0,313.24,0,305.97
Coinbase,btc_usd,10899.55,1601307240.139404,10899.54,0,10899.55,0,10757.04
Coinbase,btc_eur,9367.99,1601307240.280416,9365.96,0,9367.99,0,9249.04
Coinbase,eth_eur,313.24,1601307240.740944,313.09,0,313.24,0,305.97
Coinbase,btc_eur,9367.97,1601307242.022218,9365.96,0,9367.97,0,9249.04
Coinbase,btc_usd,10899.55,1601307242.562144,10899.54,0,10899.55,0,10757.04
Coinbase,btc_usd,10899.55,1601307243.711256,10899.54,0,10899.55,0,10757.04
Coinbase,btc_usd,10899.55,1601307244.255923,10899.54,0,10899.55,0,10757.04
Coinbase,btc_usd,10899.55,1601307244.51184,10899.54,0,10899.55,0,10757.04
Coinbase,eth_eur,313.24,1601307244.964675,313.14,0,313.24,0,305.97
Coinbase,btc_eur,9366.31,1601307246.817522,9366.31,0,9367.97,0,9249.04
Coinbase,btc_usd,10899.54,1601307247.905749,10899.54,0,10899.55,0,10757.04
Coinbase,btc_usd,10899.54,1601307248.120174,10899.54,0,10899.55,0,10757.04
Coinbase,eth_usd,364.34,1601307248.463263,364.32,0,364.34,0,355.67
Coinbase,eth_eur,313.14,1601307248.4637,313.14,0,313.18,0,305.97
Coinbase,btc_usd,10899.55,1601307248.986526,10899.54,0,10899.55,0,10757.04
Coinbase,eth_usd,364.33,1601307250.462426,364.32,0,364.33,0,355.67
Coinbase,btc_usd,10899.55,1601307251.843321,10899.54,0,10899.55,0,10757.04
Coinbase,eth_eur,313.15,1601307252.230101,313.14,0,313.15,0,305.97
Coinbase,eth_usd,364.32,1601307252.477581,364.32,0,364.33,0,355.67
Coinbase,eth_usd,364.32,1601307253.532161,364.24,0,364.33,0,355.67
Coinbase,eth_eur,313.14,1601307253.579606,312.89,0,313.15,0,305.97
Coinbase,btc_eur,9368.32,1601307257.247101,9366.36,0,9368.32,0,9249.04
Coinbase,btc_usd,10899.55,1601307257.776565,10899.54,0,10899.55,0,10757.04
Coinbase,btc_usd,10899.55,1601307257.909795,10899.54,0,10899.55,0,10757.04
Coinbase,btc_usd,10899.55,1601307257.911179,10899.54,0,10900.41,0,10757.04
Coinbase,btc_usd,10900.31,1601307257.950387,10899.59,0,10900.31,0,10757.04
Coinbase,btc_usd,10900.32,1601307257.982968,10899.59,0,10900.96,0,10757.04
Coinbase,btc_usd,10900.96,1601307257.985548,10899.59,0,10900.97,0,10757.04
Coinbase,btc_usd,10900.97,1601307257.986745,10899.59,0,10900.97,0,10757.04
Coinbase,btc_usd,10900.4,1601307258.168094,10900.39,0,10900.96,0,10757.04
Coinbase,btc_usd,10900.98,1601307258.254726,10900.97,0,10900.98,0,10757.04
Coinbase,btc_usd,10900.98,1601307258.393734,10900.97,0,10900.98,0,10757.04
Coinbase,btc_usd,10900.98,1601307258.748528,10900.97,0,10900.98,0,10757.04
Coinbase,btc_usd,10900.97,1601307258.955517,10900.97,0,10900.98,0,10757.04
Coinbase,btc_usd,10900.97,1601307258.956697,10900.97,0,10900.98,0,10757.04
Coinbase,btc_usd,10900.98,1601307260.073531,10900.97,0,10900.98,0,10757.04
Coinbase,btc_usd,10900.98,1601307261.304222,10900.97,0,10900.98,0,10757.04
Coinbase,btc_usd,10900.97,1601307261.875225,10900.97,0,10900.98,0,10757.04
Coinbase,btc_usd,10900.98,1601307262.654136,10900.97,0,10900.98,0,10757.04
Coinbase,btc_usd,10900.98,1601307262.994782,10900.97,0,10900.98,0,10757.04
Coinbase,btc_usd,10900.98,1601307262.995314,10900.97,0,10901.76,0,10757.04
Coinbase,btc_usd,10901.76,1601307262.99586,10900.97,0,10901.76,0,10757.04
Coinbase,btc_usd,10901.76,1601307264.739,10901.75,0,10901.76,0,10757.04
Coinbase,btc_usd,10901.75,1601307266.929845,10901.75,0,10901.76,0,10757.04
Coinbase,btc_usd,10901.75,1601307266.930402,10901.75,0,10901.76,0,10757.04
Coinbase,eth_eur,313.12,1601307267.170262,313.06,0,313.12,0,305.97
Coinbase,btc_eur,9368.04,1601307267.427801,9368.03,0,9370.31,0,9249.04
Coinbase,btc_eur,9368.03,1601307267.42836,9368.03,0,9370.31,0,9249.04
Coinbase,btc_usd,10901.76,1601307268.024189,10901.75,0,10901.76,0,10757.04
Coinbase,btc_usd,10901.75,1601307268.365852,10901.75,0,10901.76,0,10757.04
Coinbase,btc_usd,10901.76,1601307274.170284,10901.75,0,10901.76,0,10757.04
Coinbase,btc_usd,10901.76,1601307274.170821,10901.75,0,10901.76,0,10757.04
Coinbase,btc_usd,10901.76,1601307274.171172,10901.75,0,10903.47,0,10757.04
Coinbase,btc_usd,10903.47,1601307274.171838,10901.75,0,10903.48,0,10757.04
Coinbase,btc_usd,10903.48,1601307274.1725,10901.75,0,10903.48,0,10757.04
Coinbase,btc_usd,10903.48,1601307275.202325,10903.47,0,10903.48,0,10757.04
Coinbase,eth_eur,312.9,1601307276.716342,312.9,0,313.08,0,305.97
Coinbase,eth_eur,313.08,1601307278.011268,312.9,0,313.08,0,305.97
Coinbase,eth_usd,364.28,1601307278.219161,364.27,0,364.28,0,355.67
Coinbase,btc_usd,10903.48,1601307278.719623,10903.47,0,10903.48,0,10757.04
Coinbase,eth_usd,364.29,1601307280.198541,364.28,0,364.29,0,355.67
Coinbase,eth_usd,364.29,1601307280.969285,364.28,0,364.29,0,355.67
Coinbase,eth_usd,364.39,1601307281.457275,364.39,0,364.42,0,355.67
Coinbase,btc_usd,10903.48,1601307281.480055,10903.47,0,10903.48,0,10757.04
Coinbase,btc_eur,9371.02,1601307281.848036,9368.75,0,9371.02,0,9249.04
Coinbase,eth_eur,313.17,1601307282.891089,313.05,0,313.17,0,305.97
Coinbase,btc_eur,9371.02,1601307282.922897,9368.87,0,9371.02,0,9249.04
Coinbase,eth_eur,313.17,1601307285.423452,313.04,0,313.17,0,305.97
Coinbase,btc_eur,9371.51,1601307285.563047,9368.93,0,9371.51,0,9249.04
Coinbase,eth_eur,313.17,1601307286.112702,312.99,0,313.17,0,305.97
Coinbase,btc_eur,9371.51,1601307287.922595,9369.09,0,9371.51,0,9249.04
Coinbase,btc_eur,9371.51,1601307287.994422,9369.1,0,9371.51,0,9249.04
Coinbase,btc_usd,10903.47,1601307289.658248,10903.47,0,10903.48,0,10757.04
Coinbase,btc_usd,10903.47,1601307289.984313,10903.47,0,10903.48,0,10757.04
Coinbase,btc_eur,9371.51,1601307290.711994,9369.63,0,9371.51,0,9249.04
Coinbase,eth_usd,364.32,1601307291.123058,364.31,0,364.32,0,355.67
Coinbase,btc_usd,10903.47,1601307291.661036,10903.47,0,10903.48,0,10757.04
Coinbase,btc_usd,10903.48,1601307292.837342,10903.47,0,10903.48,0,10757.04
Coinbase,btc_eur,9369.63,1601307294.221812,9369.62,0,9372.66,0,9249.04
Coinbase,btc_eur,9369.62,1601307294.222603,9369.62,0,9372.66,0,9249.04
Coinbase,btc_usd,10903.48,1601307294.680519,10903.47,0,10903.48,0,10757.04
Coinbase,eth_usd,364.32,1601307296.226022,364.31,0,364.32,0,355.67
Coinbase,eth_usd,364.31,1601307297.922467,364.31,0,364.32,0,355.67
Coinbase,btc_eur,9372.63,1601307298.276922,9369.65,0,9372.63,0,9249.04
Coinbase,btc_usd,10903.47,1601307298.484984,10903.47,0,10903.48,0,10757.04
Coinbase,btc_eur,9370.99,1601307298.735479,9369.65,0,9370.99,0,9249.04
Coinbase,eth_usd,364.32,1601307299.229093,364.31,0,364.32,0,355.67
Coinbase,btc_usd,10903.48,1601307299.981218,10903.47,0,10903.48,0,10757.04
Coinbase,btc_usd,10903.48,1601307299.982218,10903.47,0,10903.48,0,10757.04
Coinbase,btc_eur,9369.65,1601307300.745815,9369.64,0,9371.0,0,9249.04
Coinbase,btc_eur,9369.64,1601307300.751116,9369.62,0,9371.0,0,9249.04
Coinbase,btc_eur,9369.62,1601307300.751457,9369.62,0,9371.0,0,9249.04
Coinbase,btc_usd,10903.48,1601307300.761131,10903.47,0,10903.48,0,10757.04
Coinbase,btc_usd,10903.48,1601307300.761494,10903.47,0,10903.48,0,10757.04
Coinbase,btc_usd,10903.47,1601307300.810816,10903.47,0,10903.48,0,10757.04
Coinbase,btc_usd,10903.47,1601307301.512777,10903.47,0,10903.48,0,10757.04
Coinbase,btc_usd,10903.48,1601307301.789762,10903.47,0,10903.48,0,10757.04
Coinbase,btc_eur,9369.65,1601307302.507297,9369.64,0,9370.99,0,9249.04
Coinbase,btc_eur,9369.64,1601307302.509683,9369.62,0,9370.99,0,9249.04
Coinbase,btc_eur,9369.62,1601307302.510181,9369.62,0,9370.99,0,9249.04
Coinbase,eth_usd,364.32,1601307302.785203,364.31,0,364.32,0,355.67
Coinbase,btc_usd,10903.47,1601307303.212155,10903.47,0,10903.48,0,10757.04
Coinbase,btc_usd,10903.47,1601307303.212589,10903.47,0,10903.48,0,10757.04
Coinbase,btc_usd,10903.47,1601307303.212933,10903.47,0,10903.48,0,10757.04
Coinbase,btc_usd,10903.47,1601307303.213276,10903.47,0,10903.48,0,10757.04
Coinbase,btc_usd,10903.47,1601307303.213621,10903.46,0,10903.48,0,10757.04
Coinbase,btc_usd,10903.46,1601307303.221245,10903.45,0,10903.48,0,10757.04
Coinbase,btc_usd,10903.45,1601307303.22818,10903.45,0,10903.48,0,10757.04
Coinbase,btc_usd,10902.17,1601307303.484656,10902.17,0,10902.89,0,10757.04
Coinbase,btc_usd,10902.17,1601307303.528525,10902.17,0,10902.88,0,10757.04
Coinbase,btc_eur,9368.59,1601307303.538603,9368.59,0,9370.96,0,9249.04
Coinbase,btc_usd,10902.17,1601307303.596045,10901.6,0,10902.18,0,10757.04
Coinbase,btc_usd,10901.6,1601307303.596404,10901.51,0,10902.18,0,10757.04
Coinbase,btc_usd,10901.51,1601307303.599347,10901.51,0,10902.18,0,10757.04
Coinbase,btc_eur,9370.89,1601307303.786617,9368.32,0,9370.89,0,9249.04
Coinbase,btc_usd,10899.93,1601307303.892318,10899.66,0,10899.93,0,10757.04
Coinbase,btc_usd,10901.05,1601307305.525233,10899.77,0,10901.05,0,10757.04
Coinbase,btc_usd,10900.51,1601307306.302138,10900.51,0,10901.99,0,10757.04
Coinbase,btc_usd,10901.37,1601307306.806948,10900.51,0,10901.37,0,10757.04
Coinbase,eth_usd,364.2,1601307308.08101,364.19,0,364.2,0,355.67
Coinbase,eth_usd,364.2,1601307308.091956,364.19,0,364.27,0,355.67
Coinbase,eth_usd,364.26,1601307308.869952,364.26,0,364.27,0,355.67
Coinbase,btc_usd,10902.18,1601307309.042026,10901.11,0,10902.18,0,10757.04
Coinbase,btc_usd,10901.75,1601307310.112395,10901.74,0,10901.75,0,10757.04
Coinbase,eth_usd,364.27,1601307310.32804,364.26,0,364.4,0,355.67
Coinbase,btc_usd,10902.21,1601307310.50397,10902.2,0,10902.21,0,10757.04
Coinbase,btc_usd,10902.48,1601307310.98829,10902.47,0,10902.48,0,10757.04
Coinbase,eth_usd,364.4,1601307311.811704,364.39,0,364.4,0,355.67
Coinbase,btc_eur,9370.11,1601307311.864915,9368.39,0,9370.11,0,9249.04
Coinbase,btc_usd,10902.99,1601307312.241887,10902.98,0,10902.99,0,10757.04
Coinbase,btc_usd,10902.99,1601307312.261808,10902.98,0,10902.99,0,10757.04
Coinbase,btc_usd,10902.99,1601307313.105831,10902.98,0,10902.99,0,10757.04
Coinbase,btc_usd,10903.48,1601307313.353799,10903.47,0,10903.48,0,10757.04
Coinbase,eth_usd,364.39,1601307313.372146,364.39,0,364.4,0,355.67
Coinbase,eth_usd,364.4,1601307313.431557,364.39,0,364.51,0,355.67
Coinbase,btc_usd,10903.47,1601307315.09127,10903.47,0,10903.48,0,10757.04
Coinbase,btc_usd,10903.48,1601307317.431416,10903.47,0,10903.48,0,10757.04
Coinbase,btc_usd,10903.48,1601307318.358119,10903.47,0,10903.48,0,10757.04
Coinbase,eth_eur,312.99,1601307318.576642,312.99,0,313.18,0,305.97
Coinbase,btc_eur,9370.21,1601307318.653466,9368.19,0,9371.0,0,9249.04
Coinbase,btc_eur,9371,1601307318.655943,9368.19,0,9371.0,0,9249.04
Coinbase,btc_eur,9370.98,1601307319.192685,9370.11,0,9370.98,0,9249.04
Coinbase,btc_usd,10903.47,1601307319.530412,10903.47,0,10903.48,0,10757.04
Coinbase,btc_usd,10903.47,1601307319.530987,10903.47,0,10903.48,0,10757.04
Coinbase,btc_usd,10903.48,1601307319.777129,10903.47,0,10903.48,0,10757.04
Coinbase,btc_usd,10903.48,1601307320.037247,10903.47,0,10903.48,0,10757.04
